adaptive_correct,adaptive_latency_s,adaptive_pred,adaptive_raw,adaptive_stopped_early,adaptive_tokens,adaptive_verifier_calls,fixed_128_correct,fixed_128_latency_s,fixed_128_pred,fixed_128_raw,fixed_128_tokens,fixed_32_correct,fixed_32_latency_s,fixed_32_pred,fixed_32_raw,fixed_32_tokens,fixed_64_correct,fixed_64_latency_s,fixed_64_pred,fixed_64_raw,fixed_64_tokens,gold,idx,question
0,5.102240112988511,3,"Step 1: Let's denote Darrell's age as D and Allen's age as A.

We know that the ratio of their ages is 7:11, which can be written as:

D/A = 7/11

Step 2: We also know that their total age is 162, so we have:

D + A = 162

Step 3: Now we need to find the value of A (Allen's age) using the ratio equation. To do this, we can multiply both sides of the equation by A:

A * (D/A) = A * (",0,128,0,0,5.292875711995293,4,"Step 1: Let's denote Darrell's age as D and Allen's age as A.

We know that the ratio of their ages is 7:11, which can be written as:

D/A = 7/11

Step 2: We also know that their total age is 162, so we have:

D + A = 162

Step 3: Now we need to find the value of A (Allen's age) using the first equation:

D/A = 7/11
D = (7/11)*A

Step 4: Substitute this",128,0,1.3384562370047206,7,"Step 1: Let's denote Darrell's age as D and Allen's age as A.

We know that the ratio of their ages is 7:",32,0,2.644535013998393,1,"Step 1: Let's denote Darrell's age as D and Allen's age as A.

We know that the ratio of their ages is 7:11, which can be written as:

D/A = 7/11

Step 2: We also know that their total age is 1",64,109,0,"Darrell and Allen's ages are in the ratio of 7:11. If their total age now is 162, calculate Allen's age 10 years from now."
0,4.961804589998792,9,"Let's break down the problem into steps:

1) First, we need to calculate how many small and large stickers Lorraine has after trading.

   Small stickers traded: 90% of 30 = 0.9 * 30 = 27
   Large stickers traded: 50% of 40 = 0.5 * 40 = 20

2) Now let's calculate the number of large buttons Lorraine gets from trading her small stickers.

   Large buttons from small stickers: 27 large stickers / 3 small stickers per large button = 9 large buttons",0,128,0,0,4.755380235001212,3,"Let's break down the problem into steps:

1) First, we need to calculate how many small and large stickers Lorraine has after trading.

   Small stickers traded = 90% of 30
   Large stickers traded = 50% of 40

2) Now let's calculate the number of small and large buttons each person gets from trading their respective amounts.

   Small buttons per large sticker = 3 small stickers / 3 small buttons = 1 small button
   Large buttons per small sticker = 1 small button / 3 small buttons = 1/3 large button

3) Next",128,0,1.2715960669884225,1,"Let's break down the problem into steps:

1) First, we need to calculate how many small and large stickers Lorraine has after trading.

   Small stickers",32,0,2.4770630659913877,2,"Let's break down the problem into steps:

1) First, we need to calculate how many small and large stickers Lorraine has after trading.

   Small stickers traded = 90% of 30
   Large stickers traded = 50% of 40

2) Now let's calculate the",64,89,1,Lorraine and Colleen are trading stickers for buttons. Each large sticker is worth a large button or three small buttons. A small sticker is worth one small button. A large button is worth three small stickers. Lorraine starts with 30 small stickers and 40 large stickers. She trades 90% of her small stickers for large buttons. She trades 50% of her large stickers for large buttons and trades the rest of them for small buttons. How many buttons does she have by the end?
0,4.746423596996465,6,"Step 1: Calculate half of Indras' name.
Half of Indras' name = 6 / 2 = 3

Step 2: Add 4 to half of Indras' name to find the number of letters in Indras' sister's name.
Indras' sister's name = Half of Indras' name + 4
Indras' sister's name = 3 + 4
Indras' sister's name = 7

Step 3: Add the number of letters in Indras' name and her sister's name together.
Final answer: 6 + 7 = 1",0,128,0,0,4.506482947996119,14,"Step 1: Calculate half of Indras' name.
Half of Indras' name = 6 / 2 = 3

Step 2: Add 4 to half of Indras' name.
Addition = 3 + 4 = 7

Step 3: Multiply the result from Step 2 by 2.
Multiplication = 7 * 2 = 14

Final answer: Indras and her sister's names have 14 letters each.

Reasoning: Half of Indras' name is 3, and adding 4 gives us 7. Multiplying this by 2",128,0,1.1453835660067853,2,"Step 1: Calculate half of Indras' name.
Half of Indras' name = 6 / 2 = 3

Step 2:",32,0,2.225855204000254,3,"Step 1: Calculate half of Indras' name.
Half of Indras' name = 6 / 2 = 3

Step 2: Add 4 to half of Indras' name.
Addition = 3 + 4 = 7

Step 3: Multiply the result from Step",64,13,2,Indras has 6 letters in her name. Her sister's name has 4 more letters than half of the letters in Indras' name. How many letters are in Indras and her sister's names?
